cluster,count,length,mean,std,cv,min,max,last,slope,acf1,seasonal_acf,trend_strength,seasonal_strength,selected_k
0,64,219.84375,2422.6251271692954,702.7376312131437,0.28464536137024,1328.3895806291514,3968.451294543616,2592.5066258158627,-0.34797954324092495,0.9467101128827206,0.8016112529292381,0.927728533900059,0.26864373235792066,5
1,4,504.75,7286.859064223595,5115.270024675725,0.7189603005955106,1968.7105824999999,25982.422990000003,18536.643095,28.86039880562177,0.9140008195958391,0.8020437422273197,0.8390845769738897,0.18340626671235213,5
2,23,94.56521739130434,3858.407450862564,1219.337102113297,0.33801009374898866,1712.1119182608697,7985.599973913044,3521.4773526086956,-7.309264797278805,0.3898402269602437,0.18038177741598063,0.3440740435594237,0.168247472168013,5
3,25,243.28,7280.104513337577,1106.1804460650012,0.15415844913932364,5180.01749792,9524.76763944,8369.72835988,14.502038307102023,0.9266862086763151,0.7859508314151625,0.9125969575666114,0.41720739046523747,5
4,4,69.0,9118.478260869566,3902.1737051757086,0.4231594491610522,4050.0,16550.0,6825.0,-162.09535988308357,0.9728264658471479,0.6440784381398956,0.9065008945696436,0.17945042872098557,5
